,year,ISO_country_code,state_prev,ai_prev,hrw_prev,child_prev,consolidated_prev,legislation_on_sexual_harassment,happiness_score,GDP_per_capita,social_support,healthy_life_expectancy_at_birth,freedom_to_make_life_choices,generosity,perceptions_of_corruption,female_to_male_labour_participation_ratio
0,2014,AFG,0.0,0.0,0.0,0.0,0,0.0,3.1308956146240234,7.670638084411621,0.525568425655365,52.29999923706055,0.5085140466690063,0.10232992470264435,0.8712419867515564,23.74906451
1,2015,AFG,0.0,0.0,0.0,0.0,0,0.0,3.9828546047210693,7.653833389282227,0.5285972356796265,52.599998474121094,0.3889275789260864,0.07821827381849289,0.8806383013725281,25.37573253
2,2016,AFG,0.0,0.0,0.0,0.0,0,1.0,4.220168590545654,7.650369644165039,0.5590717792510986,52.92499923706055,0.5225661993026733,0.04048014432191849,0.7932455539703369,27.1029295
3,2017,AFG,0.0,0.0,0.0,0.0,0,1.0,2.6617181301116943,7.647830486297607,0.4908800721168518,53.25,0.4270108640193939,-0.12284771353006363,0.9543925523757935,28.93696494
4,2018,AFG,0.0,-99.0,0.0,0.0,-99,1.0,2.694303274154663,7.630800724029541,0.5075158476829529,53.57500076293945,0.37353554368019104,-0.09455239027738571,0.9276056885719299,27.83257798
5,2019,AFG,0.0,0.0,0.0,0.0,0,1.0,2.375091791152954,7.640085697174072,0.41997286677360535,53.900001525878906,0.3936561644077301,-0.10945785790681839,0.9238491058349609,26.58172994
6,2021,AFG,0.0,0.0,0.0,0.0,0,1.0,2.4360344409942627,7.324500560760498,0.4541746973991394,54.54999923706055,0.394305944442749,-0.0846562460064888,0.9462993741035461,21.84098194
7,2014,AGO,0.0,0.0,0.0,0.0,0,0.0,3.7948379516601562,9.009834289550781,0.7546154856681824,53.08000183105469,0.3745415508747101,-0.1727304309606552,0.8340756297111511,94.00157153
8,2015,ARE,0.0,0.0,0.0,0.0,0,0.0,6.568397521972656,11.128389358520508,0.8241366744041443,65.4000015258789,0.9150362014770508,0.19189772009849548,,54.11007628
9,2016,ARE,0.0,0.0,0.0,0.0,0,0.0,6.8309502601623535,11.173873901367188,0.84937983751297,65.55000305175781,0.949119508266449,0.11998587846755981,,55.43069118
10,2017,ARE,0.0,0.0,0.0,0.0,0,0.0,7.039419651031494,11.17300033569336,0.8355273604393005,65.69999694824219,0.9620166420936584,0.20555028319358826,,57.51307759
11,2018,ARE,1.0,1.0,0.0,0.0,2,0.0,6.603743553161621,11.178159713745117,0.851041316986084,65.8499984741211,0.9436643719673157,0.04308076947927475,,57.26088132
12,2019,ARE,2.0,-99.0,0.0,0.0,-99,1.0,6.710782527923584,11.181390762329102,0.8615332841873169,66.0,0.9114195108413696,0.11776263266801834,,61.80640949
13,2021,ARE,0.0,0.0,-99.0,0.0,-99,1.0,6.733067512512207,11.152440071105957,0.8260605931282043,66.30000305175781,0.951327919960022,0.14966808259487152,,57.36500657
14,2005,AUS,-49.5,0.0,0.0,0.0,-99,1.0,7.340688228607178,10.662057876586914,0.9678921699523926,69.80000305175781,0.9349732995033264,,0.3904159367084503,79.05456967
15,2007,AUS,-49.5,0.0,0.0,0.0,-99,1.0,7.285390853881836,10.69443416595459,0.9652761816978455,69.95999908447266,0.8906819820404053,0.34163692593574524,0.5125784873962402,80.11640255
16,2006,AZE,0.0,0.0,0.0,0.0,0,0.0,4.727870941162109,9.154187202453613,0.8544148802757263,60.58000183105469,0.7715281844139099,-0.2392495721578598,0.7741171717643738,88.33350227
17,2007,AZE,0.0,0.0,0.0,0.0,0,1.0,4.568159580230713,9.365991592407227,0.7532467842102051,60.86000061035156,0.5220463275909424,-0.21111249923706055,0.8709099888801575,82.63865423
18,2014,AZE,0.0,0.0,0.0,0.0,0,1.0,5.251530170440674,9.606963157653809,0.7994333505630493,62.81999969482422,0.732772946357727,-0.21381649374961853,0.6538453102111816,91.8236785
19,2015,AZE,0.0,0.0,0.0,0.0,0,1.0,5.146774768829346,9.605931282043457,0.7857027649879456,63.099998474121094,0.7642894983291626,-0.20340487360954285,0.615552544593811,92.19740165
20,2016,AZE,0.0,0.0,0.0,0.0,0,1.0,5.303894996643066,9.563261985778809,0.777271032333374,63.224998474121094,0.7125731706619263,-0.2097998857498169,0.6067708134651184,91.94633857
21,2017,AZE,0.0,0.0,0.0,0.0,0,1.0,5.152279376983643,9.555447578430176,0.7870393991470337,63.349998474121094,0.7310304641723633,-0.23079732060432434,0.6525390148162842,91.54896525
22,2018,AZE,0.0,-99.0,0.0,0.0,-99,1.0,5.167995452880859,9.56167221069336,0.7812299132347107,63.474998474121094,0.772449254989624,-0.23728296160697937,0.5612062811851501,91.83664543
23,2019,AZE,0.0,0.0,0.0,0.0,0,1.0,5.173389434814453,9.577898979187012,0.886756420135498,63.599998474121094,0.8542485237121582,-0.22002698481082916,0.4572606682777405,91.83961539
24,2014,BDI,0.0,0.0,0.0,0.0,0,1.0,2.9045350551605225,6.722984790802002,0.5646781325340271,53.380001068115234,0.43138498067855835,-0.059028614312410355,0.8076188564300537,104.003929
25,2018,BDI,0.0,-99.0,0.0,0.0,-99,1.0,3.775283098220825,6.607255935668945,0.48471522331237793,55.20000076293945,0.6463986039161682,-0.026634100824594498,0.5986076593399048,101.0842948
26,2005,BEL,-99.0,0.0,0.0,0.0,-99,1.0,7.2622904777526855,10.743807792663574,0.9348747134208679,68.4000015258789,0.9238430261611938,,0.5975544452667236,74.43713141
27,2007,BEL,-99.0,0.0,0.0,0.0,-99,1.0,7.218839645385742,10.791181564331055,0.9216027855873108,68.72000122070312,0.9008703827857971,0.06350843608379364,0.721093475818634,76.19156774
28,2018,BFA,0.0,-99.0,-99.0,0.0,-99,1.0,4.927236080169678,7.626189231872559,0.6648594737052917,54.525001525878906,0.7207434773445129,-0.01550736092031002,0.7573986053466797,78.63514415
29,2019,BFA,0.0,-99.0,-99.0,0.0,-99,1.0,4.7408928871154785,7.654472827911377,0.6831023693084717,54.900001525878906,0.6775468587875366,-0.006531263701617718,0.7293965816497803,78.85555161
30,2020,BFA,0.0,0.0,0.0,0.0,0,1.0,4.639639854431152,7.646704196929932,0.6677089929580688,55.275001525878906,0.7502264976501465,0.11957484483718872,0.8087453246116638,78.85633166
31,2021,BFA,0.0,0.0,0.0,0.0,0,1.0,4.6355085372924805,7.686983585357666,0.6575435996055603,55.650001525878906,0.644101619720459,0.06395099312067032,0.7361589074134827,79.42146489
32,2006,BGD,0.0,0.0,0.0,0.0,0,0.0,4.318909168243408,7.93972635269165,0.6720021963119507,59.119998931884766,0.6116642355918884,0.05190426856279373,0.7859162092208862,33.63546093
33,2007,BGD,0.0,0.0,0.0,0.0,0,0.0,4.6073222160339355,7.9974212646484375,0.5141707062721252,59.63999938964844,0.6045383214950562,0.023823203518986702,0.8061168789863586,34.33842077
34,2016,BGD,0.5,0.0,0.0,0.0,2,1.0,4.556140899658203,8.431437492370605,0.6491169333457947,63.92499923706055,0.8747004866600037,-0.10529594868421555,0.6878536343574524,41.80088951
35,2017,BGD,0.5,0.0,0.0,0.0,2,1.0,4.3097710609436035,8.482762336730957,0.7125527858734131,64.05000305175781,0.8962171673774719,-0.00436963327229023,0.6350144743919373,45.05995797
36,2018,BGD,0.5,-99.0,0.0,0.0,-99,1.0,4.4992170333862305,8.541788101196289,0.7055560350418091,64.17500305175781,0.9014708399772644,-0.0589018277823925,0.7014212012290955,45.34145377
37,2019,BGD,0.5,0.0,0.0,0.0,2,1.0,5.1142168045043945,8.606523513793945,0.6731721758842468,64.30000305175781,0.9019366502761841,-0.06682291626930237,0.6560046076774597,45.55621389
38,2020,BGD,0.0,0.0,0.0,0.0,0,1.0,5.27998685836792,8.62898063659668,0.7393379211425781,64.42500305175781,0.7774671912193298,-0.025424830615520477,0.7416591644287109,45.55705066
39,2021,BGD,0.0,0.0,0.0,0.0,0,1.0,4.123318672180176,8.684572219848633,0.484740287065506,64.55000305175781,0.8930133581161499,0.08894604444503784,0.7462065815925598,47.04917625
40,2015,BHR,0.0,0.0,0.0,0.0,0,0.0,6.007375240325928,10.78836441040039,0.852550745010376,66.19999694824219,0.8495211601257324,0.10575313866138458,,49.94196708
41,2016,BHR,0.0,0.0,0.0,0.0,0,0.0,6.169673442840576,10.789036750793457,0.8627001047134399,66.125,0.8886910676956177,0.08155552297830582,,50.04168017
42,2017,BHR,0.0,0.0,0.0,0.0,0,0.0,6.227320671081543,10.798134803771973,0.8757471442222595,66.05000305175781,0.9058585166931152,0.12836463749408722,,50.21567135
43,2019,BHR,0.0,-99.0,0.0,0.0,-99,1.0,7.098012447357178,10.815147399902344,0.8779294490814209,65.9000015258789,0.9065355062484741,0.034658972173929214,,50.8466027
44,2007,CAF,0.0,0.0,0.0,0.0,0,1.0,4.160129547119141,6.945773601531982,0.532296895980835,41.47999954223633,0.6628710031509399,0.07913469523191452,0.7821307182312012,81.34280347
45,2016,CAF,1.0,0.0,1.5,1.5,3,1.0,2.693061113357544,6.707346439361572,0.2901841700077057,44.75,0.6240565180778503,0.03337478265166283,0.8590730428695679,80.18413256
46,2017,CAF,3.0,0.0,3.0,2.0,3,1.0,3.4758620262145996,6.7329254150390625,0.31958913803100586,45.29999923706055,0.6452523469924927,0.07395273447036743,0.8895660042762756,80.50920965
47,2005,CAN,-99.0,0.0,0.0,0.0,-99,1.0,7.41804838180542,10.70729923248291,0.9615524411201477,70.5,0.9573062658309937,0.24624279141426086,0.5026811957359314,84.697592
48,2007,CAN,-99.0,0.0,0.0,0.0,-99,1.0,7.481752872467041,10.733992576599121,,70.62000274658203,0.9303413033485413,0.2438189834356308,0.4056084156036377,86.17338076
49,2014,CAN,-99.0,0.0,0.0,0.0,-99,1.0,7.304257869720459,10.769844055175781,0.9178363084793091,71.04000091552734,0.9388976097106934,0.26418811082839966,0.44173532724380493,87.23141901
50,2015,CAN,-99.0,0.0,0.0,0.0,-99,1.0,7.4127726554870605,10.768951416015625,0.9390670657157898,71.0999984741211,0.9314689636230469,0.24715140461921692,0.42715224623680115,86.71379193
51,2020,CHN,0.0,0.0,0.0,0.0,0,1.0,5.771064758300781,9.698712348937988,0.808334469795227,68.625,0.8911229968070984,-0.108709417283535,,83.74354046
52,2021,CHN,0.0,0.0,0.0,0.0,0,1.0,5.8628644943237305,9.778915405273438,0.8560069799423218,68.75,0.8747555017471313,0.019626976922154427,,84.7888993
53,2014,CIV,0.0,0.0,1.0,0.0,1,1.0,3.570368528366089,8.351089477539062,0.7109916806221008,51.900001525878906,0.7807731032371521,-0.08663336932659149,0.6713562607765198,72.36984201
54,2015,CIV,0.0,0.0,0.0,0.0,0,1.0,4.445038795471191,8.394760131835938,0.7039916515350342,52.5,0.799745500087738,-0.05882381647825241,0.7442496418952942,73.30660732
55,2015,CMR,0.0,0.0,-99.0,0.0,-99,0.0,5.037964820861816,8.192779541015625,0.6463124752044678,51.79999923706055,0.7914285659790039,0.040916360914707184,0.8680490255355835,86.85625445
56,2016,CMR,0.0,0.0,-99.0,0.0,-99,0.0,4.816232204437256,8.2072172164917,0.6592997908592224,52.474998474121094,0.7125070095062256,-0.011576062068343163,0.8794505596160889,87.01039221
57,2017,CMR,0.0,0.0,-99.0,0.0,-99,1.0,5.074051380157471,8.213678359985352,0.6945964097976685,53.150001525878906,0.7669450044631958,-0.036360420286655426,0.8435856103897095,87.2106474
58,2018,CMR,0.5,-99.0,0.0,0.0,-99,1.0,5.25073766708374,8.224833488464355,0.676825225353241,53.82500076293945,0.8163049817085266,0.027834417298436165,0.884441614151001,87.45375918
59,2019,CMR,0.0,0.0,0.0,0.0,0,1.0,4.936737537384033,8.231245040893555,0.7109647393226624,54.5,0.7115002870559692,-0.015118799172341824,0.817170262336731,87.73340994
60,2020,CMR,0.0,0.0,0.0,0.0,0,1.0,5.241077899932861,8.2067232131958,0.7200466394424438,55.17499923706055,0.6745091676712036,0.04172264039516449,0.8365172147750854,87.73301342
61,2021,CMR,0.0,0.0,0.0,0.0,0,1.0,4.962747573852539,8.21621322631836,0.6949363946914673,55.849998474121094,0.7153017520904541,-0.029174556955695152,0.8487171530723572,88.75552244
62,2006,COL,0.0,0.0,0.0,0.0,0,1.0,6.024942874908447,9.277318954467773,0.9102931022644043,66.31999969482422,0.8046618103981018,-0.020559409633278847,0.8078300356864929,63.77992483
63,2007,COL,0.0,0.0,0.0,0.0,0,1.0,6.138411521911621,9.33012866973877,0.8937067985534668,66.54000091552734,0.7858659625053406,-0.045971840620040894,0.8597608804702759,63.75486257
64,2014,COL,1.0,0.0,0.0,2.0,2,1.0,6.448789119720459,9.542390823364258,0.9074026346206665,68.08000183105469,0.8011914491653442,-0.0957154780626297,0.8866457343101501,69.1710887
65,2015,COL,1.0,0.0,0.0,2.0,2,1.0,6.387571811676025,9.562101364135742,0.8899000287055969,68.30000305175781,0.7908979654312134,-0.10568639636039734,0.8428993225097656,69.67259616
66,2016,COL,1.0,0.0,0.0,1.0,2,1.0,6.233715057373047,9.572073936462402,0.8819003701210022,68.4749984741211,0.8349661231040955,-0.10611309111118317,0.8975538611412048,69.57981057
67,2017,COL,0.0,0.0,0.0,0.0,0,1.0,6.157341957092285,9.570453643798828,0.9092499613761902,68.6500015258789,0.8375546336174011,-0.1629018485546112,0.8750181198120117,69.49811393
68,2018,COL,0.0,-99.0,0.0,0.0,-99,1.0,5.9835124015808105,9.576817512512207,0.8709704279899597,68.82499694824219,0.8507657647132874,-0.15400300920009613,0.8548209071159363,68.47844257
69,2019,COL,0.0,-99.0,0.0,0.0,-99,1.0,6.350297927856445,9.58988094329834,0.8725789189338684,69.0,0.8215007185935974,-0.17725147306919098,0.8536461591720581,68.255767
70,2020,COL,0.5,0.0,0.0,0.5,1,1.0,5.709175109863281,9.499893188476562,0.7970352172851562,69.17500305175781,0.8401861190795898,-0.09060745686292648,0.807964026927948,67.02502852
71,2021,COL,0.0,0.0,0.0,0.0,0,1.0,5.289958477020264,9.592960357666016,0.7928306460380554,69.3499984741211,0.7746684551239014,-0.06535910069942474,0.8313309550285339,66.65764023
72,2005,CZE,-99.0,0.0,0.0,0.0,-99,0.0,6.43925666809082,10.321685791015625,0.9187594652175903,67.0999984741211,0.8652349710464478,,0.9007327556610107,73.71157291
73,2007,CZE,-99.0,0.0,0.0,0.0,-99,1.0,6.500194072723389,10.432827949523926,0.8997790217399597,67.33999633789062,0.7989493608474731,-0.06910372525453568,0.9278714656829834,72.8265324
74,2007,CZE,-99.0,0.0,0.0,0.0,-99,1.0,5.992826461791992,9.088530540466309,0.8487651944160461,56.2400016784668,0.6940056681632996,0.08201250433921814,0.8355690836906433,72.8265324
75,2005,DEU,-99.0,0.0,0.0,0.0,-99,0.0,6.619549751281738,10.690792083740234,0.96349036693573,69.9000015258789,0.8466237783432007,,0.7810068130493164,77.24904481
76,2007,DEU,-99.0,0.0,0.0,0.0,-99,1.0,6.4168195724487305,10.760041236877441,0.9259375929832458,69.94000244140625,0.8008782267570496,0.16092677414417267,0.7921794056892395,79.1086645
77,2005,DNK,-99.0,0.0,0.0,0.0,-99,1.0,8.01893424987793,10.84901237487793,0.972371518611908,68.30000305175781,0.9711350202560425,,0.23652170598506927,84.93572614
78,2007,DNK,-99.0,0.0,0.0,0.0,-99,1.0,7.834233283996582,10.888726234436035,0.9542011022567749,68.73999786376953,0.9320862293243408,0.2341156303882599,0.20600567758083344,85.4968073
79,2014,DZA,0.0,0.0,0.0,0.0,0,1.0,6.354898452758789,9.355415344238281,0.8181894421577454,65.9000015258789,,,,22.50441024
80,2016,DZA,0.0,0.0,0.0,0.0,0,1.0,5.340853691101074,9.383312225341797,0.7485882639884949,66.0999984741211,,,,25.47965534
81,2017,DZA,0.0,0.0,0.0,0.0,0,1.0,5.248912334442139,9.37665843963623,0.8067538738250732,66.19999694824219,0.4366704821586609,-0.1739770472049713,0.6997742056846619,25.26333313
82,2018,DZA,0.0,0.0,0.0,0.0,0,1.0,5.043086051940918,9.369553565979004,0.7986513376235962,66.30000305175781,0.5833805799484253,-0.15306948125362396,0.7587041258811951,25.04537205
83,2019,DZA,0.0,0.0,0.0,0.0,0,1.0,4.744627475738525,9.361109733581543,0.8032586574554443,66.4000015258789,0.3850834369659424,-0.002246460411697626,0.740609347820282,24.85650414
84,2020,DZA,0.0,0.0,0.0,0.0,0,1.0,5.437755107879639,9.291438102722168,0.8676488995552063,66.5,0.5738906860351562,-0.12370003014802933,0.7242636680603027,24.66609151
85,2021,DZA,0.0,0.0,0.0,0.0,0,1.0,5.217017650604248,9.308296203613281,0.8407102823257446,66.5999984741211,0.5584869384765625,-0.11595696955919266,0.7119000554084778,25.43469277
86,2014,EGY,0.0,0.0,0.0,0.0,0,0.0,4.885072708129883,9.241708755493164,0.618550717830658,61.939998626708984,0.5779379606246948,-0.13171519339084625,0.749142587184906,31.7899453
87,2015,EGY,0.0,0.0,0.0,0.0,0,1.0,4.762538433074951,9.262447357177734,0.7297442555427551,62.0,0.6592614650726318,-0.09389703720808029,0.6844980716705322,32.15193089
88,2016,EGY,0.0,0.0,0.0,0.0,0,1.0,4.556740760803223,9.28413200378418,0.8092185854911804,62.25,0.6558452248573303,-0.1468276083469391,0.8175274133682251,32.93094571
89,2017,EGY,0.0,0.0,0.0,0.0,0,1.0,3.9293441772460938,9.305196762084961,0.6382263898849487,62.5,0.5925047993659973,-0.1578197181224823,,32.82880693
90,2018,EGY,0.0,0.0,0.0,0.0,0,1.0,4.00545072555542,9.338146209716797,0.7588240504264832,62.75,0.6816544532775879,-0.22099238634109497,,27.06965101
91,2019,EGY,0.0,0.0,0.0,0.0,0,1.0,4.327831745147705,9.374239921569824,0.7721286416053772,63.0,0.7739510536193848,-0.20442931354045868,,23.1908473
92,2020,EGY,0.0,0.0,0.0,0.0,0,1.0,4.4723968505859375,9.39179515838623,0.6727254986763,63.25,0.7695503234863281,-0.11860702186822891,,21.33682486
93,2021,EGY,0.0,0.0,0.0,0.0,0,1.0,4.025747776031494,9.407588005065918,0.7170223593711853,63.5,0.70444256067276,-0.23254501819610596,0.5804541707038879,22.2001968
94,2005,ESP,-99.0,0.0,0.0,0.0,-99,1.0,7.152785778045654,10.544351577758789,0.9610428810119629,70.4000015258789,0.9161646962165833,,0.7772722840309143,67.87207727
95,2007,ESP,-99.0,0.0,0.0,0.0,-99,1.0,6.994614601135254,10.584558486938477,0.9568585157394409,70.63999938964844,0.7820821404457092,-0.09926595538854599,0.7837177515029907,71.02691633
96,2006,EST,-99.0,0.0,0.0,0.0,-99,1.0,5.371054649353027,10.268648147583008,0.9100643396377563,65.77999877929688,0.7485763430595398,-0.26966172456741333,0.7967226505279541,81.0979692
97,2007,EST,-99.0,0.0,0.0,0.0,-99,1.0,5.3320441246032715,10.346266746520996,0.8956315517425537,66.05999755859375,0.7121208906173706,-0.2516710162162781,0.7426971793174744,79.28538856
98,2014,ETH,0.0,0.0,0.0,0.0,0,1.0,4.506646633148193,7.395837783813477,0.6404521465301514,57.63999938964844,0.693558931350708,0.07644020766019821,0.7018002867698669,84.44686971
99,2015,ETH,0.0,0.0,0.0,0.0,0,1.0,4.573154926300049,7.467755317687988,0.625596821308136,58.29999923706055,0.8026425838470459,0.10884514451026917,0.5670273303985596,84.84125716
100,2016,ETH,0.0,0.0,0.0,0.0,0,1.0,4.297848701477051,7.5307416915893555,0.7187187075614929,58.70000076293945,0.7443076968193054,0.03455638885498047,0.702880859375,85.16788589
101,2017,ETH,0.0,0.0,0.0,0.0,0,1.0,4.1803154945373535,7.5948686599731445,0.7335397601127625,59.099998474121094,0.7171012163162231,-0.0024557083379477262,0.7568989396095276,85.51180741
102,2018,ETH,0.0,-99.0,0.0,0.0,-99,1.0,4.379262447357178,7.6340742111206055,0.740154504776001,59.5,0.7403430938720703,0.035602930933237076,0.7994662523269653,85.86129805
103,2019,ETH,0.0,0.0,0.0,0.0,0,1.0,4.099555015563965,7.687840938568115,0.7480577826499939,59.900001525878906,0.7535155415534973,0.04871611297130585,0.7318453192710876,86.20199311
104,2020,ETH,0.0,0.0,0.0,0.0,0,1.0,4.549219608306885,7.720122814178467,0.8231375813484192,60.29999923706055,0.768694281578064,0.1827409863471985,0.7838224172592163,86.20182544
105,2005,FRA,-99.0,0.0,0.0,0.0,-99,1.0,7.093392848968506,10.63676929473877,0.9403382539749146,70.69999694824219,0.8948192596435547,,0.687850832939148,81.13408208
106,2006,FRA,-99.0,0.0,0.0,0.0,-99,1.0,6.582700252532959,10.654029846191406,0.9439290761947632,70.80000305175781,0.7891207337379456,0.12038750946521759,0.6992701292037964,81.50687146
107,2014,FRA,-99.0,0.0,0.0,0.0,-99,1.0,6.466867923736572,10.669452667236328,0.8775045275688171,71.5999984741211,0.8034741878509521,-0.12376633286476135,0.6556374430656433,84.66608733
108,2015,FRA,-99.0,0.0,0.0,0.0,-99,1.0,6.3576250076293945,10.67696475982666,0.8957194089889526,71.69999694824219,0.8170362114906311,-0.1449432522058487,0.6406020522117615,84.79196086
109,2005,GBR,-49.5,0.0,0.0,0.0,-99,0.0,6.983556747436523,10.661453247070312,0.9788397550582886,69.0999984741211,0.922354519367218,,0.398456871509552,79.593684
110,2007,GBR,-49.5,0.0,0.0,0.0,-99,1.0,6.801930904388428,10.693000793457031,0.9698696732521057,69.22000122070312,0.8383316397666931,0.3306805491447449,0.4980934262275696,79.79593884
111,2006,GEO,0.0,0.0,0.0,0.0,0,0.0,3.6751084327697754,8.993415832519531,0.6466359496116638,63.29999923706055,0.5525926351547241,-0.27255910634994507,0.7519336342811584,74.23825777
112,2007,GEO,0.0,0.0,0.0,0.0,0,0.0,3.7071945667266846,9.117116928100586,0.5483690500259399,63.400001525878906,0.4637225270271301,-0.27222028374671936,0.6973400115966797,75.0341269
113,2005,GRC,-99.0,0.0,0.0,0.0,-99,0.0,6.006309986114502,10.453635215759277,0.8365394473075867,69.5999984741211,0.7341718077659607,,0.8605630993843079,65.58020505
114,2007,GRC,-99.0,0.0,0.0,0.0,-99,1.0,6.646961212158203,10.535282135009766,0.8080026507377625,69.76000213623047,0.5753088593482971,-0.19575336575508118,0.8445709347724915,65.94191498
115,2007,HRV,-99.0,0.0,0.0,0.0,-99,1.0,5.8209075927734375,10.17364501953125,0.9098221659660339,66.94000244140625,0.6622057557106018,-0.09862320870161057,0.9342735409736633,73.36236736
116,2006,HTI,0.0,0.0,0.0,0.0,0,0.0,3.7541561126708984,7.9764533042907715,0.6938007473945618,6.71999979019165,0.4494747221469879,0.354995995759964,0.8535064458847046,84.44163821
117,2006,IDN,0.0,0.0,0.0,0.0,0,0.0,4.9469780921936035,8.839255332946777,0.7709508538246155,60.31999969482422,0.713171124458313,0.3427802622318268,0.9151200652122498,55.67403817
118,2007,IDN,0.0,0.0,0.0,0.0,0,0.0,5.1012139320373535,8.887655258178711,0.7037881016731262,60.540000915527344,0.603260338306427,0.30676597356796265,0.959867000579834,60.18303593
119,2018,IDN,0.0,-99.0,0.0,0.0,-99,0.0,5.340295791625977,9.341143608093262,0.8093788623809814,62.67499923706055,0.8793743848800659,0.5062282085418701,0.8677294254302979,64.59537396
120,2019,IDN,0.0,-99.0,0.0,0.0,-99,0.0,5.346512794494629,9.38074016571045,0.8019180297851562,62.79999923706055,0.8658591508865356,0.5494587421417236,0.8607847690582275,65.309831
121,2020,IDN,0.0,0.0,0.0,0.0,0,0.0,4.8281474113464355,9.351465225219727,0.750896155834198,62.92499923706055,0.8533263802528381,0.529078483581543,0.9138129949569702,65.14765347
122,2021,IDN,0.0,0.0,0.0,0.0,0,0.0,5.433173179626465,9.380879402160645,0.8169246912002563,63.04999923706055,0.8848558664321899,0.5404853224754333,0.8450802564620972,65.29552014
123,2006,IND,0.0,0.0,0.0,0.0,0,1.0,5.348258972167969,8.14113712310791,0.7073180675506592,55.86000061035156,0.7737370729446411,,0.8548117280006409,38.24440972
124,2007,IND,0.0,0.0,0.0,0.0,0,1.0,5.026793479919434,8.200288772583008,0.5689926743507385,56.220001220703125,0.7288926243782043,-0.05624352768063545,0.8621428608894348,37.74653637
125,2014,IND,0.0,0.0,0.0,0.0,0,1.0,4.424379348754883,8.531302452087402,0.6214666366577148,58.7400016784668,0.8093829154968262,-0.030642148107290268,0.8321419954299927,34.85026235
126,2015,IND,0.0,0.0,0.0,0.0,0,1.0,4.342079162597656,8.59635066986084,0.6101332902908325,59.099998474121094,0.7772252559661865,-0.009961412288248539,0.7764349579811096,34.98184176
127,2016,IND,0.0,0.0,0.0,0.0,0,1.0,4.179177284240723,8.66383171081543,0.6135293841362,59.400001525878906,0.8200687766075134,0.041141919791698456,0.7647221088409424,35.14527323
128,2017,IND,0.0,0.0,0.0,0.0,0,1.0,4.046111106872559,8.71802043914795,0.606767475605011,59.70000076293945,0.8858504295349121,-0.04638054221868515,0.7808027863502502,35.25769393
129,2018,IND,0.0,-99.0,0.0,0.0,-99,1.0,3.818068742752075,8.769686698913574,0.6380519866943359,60.0,0.8904433846473694,0.07996451109647751,0.805263340473175,35.34341918
130,2019,IND,0.0,0.0,0.0,0.0,0,1.0,3.248769760131836,8.797416687011719,0.5607807636260986,60.29999923706055,0.8755403161048889,0.10780876129865646,0.751979410648346,35.43773186
131,2020,IND,0.0,0.0,0.0,0.0,0,1.0,4.223865509033203,8.727785110473633,0.6164115071296692,60.599998474121094,0.9064159393310547,0.06756982207298279,0.7801271080970764,35.24513333
132,2021,IND,0.0,0.0,0.0,0.0,0,1.0,3.558253765106201,8.806451797485352,0.5697329044342041,60.900001525878906,0.8661109209060669,0.05212268605828285,0.756820023059845,36.00571113
133,2005,IRN,0.0,0.0,0.0,0.0,0,0.0,5.30819034576416,9.49769401550293,0.7659780383110046,64.30000305175781,0.6511676907539368,,0.6364903450012207,26.13412091
134,2007,IRN,0.0,0.0,0.0,0.0,0,0.0,5.336371421813965,9.594892501831055,0.7175921201705933,64.58000183105469,0.5326198935508728,0.042898956686258316,0.8716439604759216,24.4243078
135,2014,IRN,0.0,0.0,0.0,0.0,0,0.0,4.682224273681641,9.58455753326416,0.6440637707710266,65.55999755859375,0.7668229937553406,0.22722873091697693,0.639682412147522,19.25915964
136,2015,IRN,0.0,0.0,0.0,0.0,0,0.0,4.749955654144287,9.547588348388672,0.5724068880081177,65.69999694824219,0.7803832292556763,0.16367264091968536,0.698951244354248,21.00919594
137,2016,IRN,0.0,0.0,0.0,0.0,0,0.0,4.652730941772461,9.613709449768066,0.5662811994552612,65.8499984741211,0.773303747177124,0.17619588971138,0.712782621383667,23.4976584
138,2017,IRN,0.0,0.0,0.0,0.0,0,0.0,4.716783046722412,9.626632690429688,0.7142329216003418,66.0,0.7306351661682129,0.20977063477039337,0.7149413228034973,24.87152249
139,2018,IRN,0.0,0.0,0.0,0.0,0,0.0,4.278117656707764,9.590757369995117,0.673764705657959,66.1500015258789,0.6033198833465576,0.07263508439064026,0.7034397721290588,24.80909505
140,2019,IRN,0.0,-99.0,0.0,0.0,-99,0.0,5.00614595413208,9.552820205688477,0.698293149471283,66.30000305175781,0.6232820749282837,0.1282813549041748,0.7283065319061279,24.1229197
141,2020,IRN,0.0,0.0,0.0,0.0,0,0.0,4.864528179168701,9.577228546142578,0.7572186589241028,66.44999694824219,0.5995944738388062,0.13029780983924866,0.7099016904830933,20.39668006
142,2021,IRN,0.0,0.0,0.0,0.0,0,0.0,4.787814140319824,9.616117477416992,0.7714695334434509,66.5999984741211,0.6093102693557739,0.17210635542869568,0.7611703276634216,19.50310559
143,2014,IRQ,0.0,0.0,0.0,0.0,0,0.0,4.541502475738525,9.126399993896484,0.7251507043838501,60.81999969482422,0.6460065841674805,0.002237082691863179,0.7260081171989441,18.74190337
144,2015,IRQ,0.0,0.0,0.0,0.0,0,0.0,4.493377208709717,9.145398139953613,0.6844348311424255,60.79999923706055,0.5994599461555481,0.02073139138519764,0.7621671557426453,19.45098899
145,2016,IRQ,0.0,0.0,0.0,0.0,0,1.0,4.412537097930908,9.24996566772461,0.718956708908081,61.275001525878906,0.6661601662635803,-0.05024261027574539,0.7988664507865906,20.18270368
146,2017,IRQ,0.0,0.0,0.0,0.0,0,1.0,4.462399005889893,9.208023071289062,0.6951093673706055,61.75,0.6277220249176025,0.0007406912627629936,0.7571088075637817,15.4382863
147,2018,IRQ,0.0,0.0,0.0,0.0,0,1.0,4.8864006996154785,9.209845542907715,0.7635089159011841,62.224998474121094,0.5978227853775024,-0.06922250986099243,0.8866996169090271,15.48477701
148,2020,IRQ,0.0,0.0,0.0,0.0,0,1.0,4.785165309906006,9.087960243225098,0.7078474760055542,63.17499923706055,0.7002145648002625,-0.020617973059415817,0.8491087555885315,15.63939715
149,2021,IRQ,0.0,0.0,0.0,0.0,0,1.0,5.093667984008789,9.080981254577637,0.7302128672599792,63.650001525878906,0.5944667458534241,0.006259760819375515,0.9006400108337402,15.78285384
150,2006,ISR,0.0,0.0,0.0,0.0,0,1.0,7.173417091369629,10.367561340332031,0.927078902721405,71.08000183105469,0.8166528344154358,,0.9053747653961182,80.49182699
151,2007,ISR,0.0,0.0,0.0,0.0,0,1.0,6.8411149978637695,10.408382415771484,0.8682168126106262,71.16000366210938,0.6828640699386597,0.21468740701675415,0.8678209781646729,80.52722918
152,2014,ISR,0.0,0.0,0.0,0.0,0,1.0,7.400570392608643,10.530890464782715,0.8890697360038757,71.72000122070312,0.7069746255874634,0.08772079646587372,0.8180399537086487,84.29648946
153,2015,ISR,0.0,0.0,0.0,0.0,0,1.0,7.079411029815674,10.535632133483887,0.8641301989555359,71.80000305175781,0.7527839541435242,0.10250754654407501,0.7894299030303955,84.38465427
154,2016,ISR,0.0,0.0,0.0,0.0,0,1.0,7.159010887145996,10.56025218963623,0.8896607756614685,71.94999694824219,0.7722973227500916,0.14681468904018402,0.8040565848350525,84.98501456
155,2017,ISR,0.0,0.0,0.0,0.0,0,1.0,7.33103609085083,10.582741737365723,0.9164408445358276,72.0999984741211,0.7680763006210327,0.13846972584724426,0.7926522493362427,85.00578328
156,2018,ISR,0.0,0.0,0.0,0.0,0,1.0,6.927178859710693,10.603372573852539,0.9095954298973083,72.25,0.7246623039245605,0.04798281192779541,0.7701348066329956,86.68899181
157,2019,ISR,0.0,-99.0,0.0,0.0,-99,1.0,7.331779956817627,10.625003814697266,0.9460106492042542,72.4000015258789,0.8344919085502625,0.07770346850156784,0.7428677678108215,87.15323219
158,2020,ISR,0.0,0.0,0.0,0.0,0,1.0,7.194928169250488,10.588619232177734,0.9590721726417542,72.55000305175781,0.831315815448761,-0.0589667484164238,0.7476390600204468,87.92970716
159,2021,ISR,0.0,0.0,0.0,0.0,0,1.0,7.57752799987793,10.65512752532959,0.916583240032196,72.69999694824219,0.8197770118713379,-0.008337161503732204,0.7260037660598755,89.00222192
160,2005,ITA,-99.0,0.0,0.0,0.0,-99,1.0,6.85378360748291,10.697854995727539,0.9280006885528564,70.5999984741211,0.8021949529647827,,0.9439123272895813,62.32790374
161,2007,ITA,-99.0,0.0,0.0,0.0,-99,1.0,6.5744123458862305,10.722309112548828,0.9122924208641052,70.80000305175781,0.6842970252037048,0.1078157052397728,0.9221965670585632,62.77308284
162,2005,JOR,-99.0,0.0,0.0,0.0,-99,0.0,6.2946600914001465,9.282825469970703,0.9200129508972168,65.80000305175781,,,0.6697267293930054,18.1681444
163,2007,JOR,-99.0,0.0,0.0,0.0,-99,0.0,5.598057270050049,9.308220863342285,0.8406065106391907,66.16000366210938,0.6460791230201721,-0.11667777597904205,0.6636447906494141,22.8260355
164,2014,JOR,-99.0,0.0,0.0,0.0,-99,0.0,5.333021640777588,9.269113540649414,0.8161309957504272,67.41999816894531,0.7287431955337524,-0.11304760724306107,,21.1064869
165,2015,JOR,-49.5,0.0,0.0,0.0,-99,0.0,5.404593467712402,9.201573371887207,0.8304438591003418,67.5999984741211,0.7665170431137085,-0.05093713104724884,,22.92860161
166,2016,JOR,0.0,0.0,0.0,0.0,0,0.0,5.271284580230713,9.17296028137207,0.8199447393417358,67.5999984741211,0.771350622177124,-0.04201262816786766,,24.88155584
167,2017,JOR,0.0,0.0,0.0,0.0,0,0.0,4.808082580566406,9.172545433044434,0.8146645426750183,67.5999984741211,0.7662624716758728,-0.1560838669538498,,26.96504952
168,2018,JOR,0.0,0.0,0.0,0.0,0,0.0,4.6389336585998535,9.167902946472168,0.7995443344116211,67.5999984741211,0.7624202966690063,-0.18941888213157654,,23.82893385
169,2019,JOR,0.0,0.0,0.0,0.0,0,0.0,4.452548027038574,9.162689208984375,0.7925596833229065,67.5999984741211,0.7257558107376099,-0.16758480668067932,,21.86628634
170,2020,JOR,0.0,0.0,0.0,0.0,0,0.0,4.093991756439209,9.125218391418457,0.7088398933410645,67.5999984741211,0.7785334587097168,-0.1535932719707489,,23.84653442
171,2021,JOR,0.0,0.0,0.0,0.0,0,0.0,3.909149169921875,9.127314567565918,0.7029181718826294,67.5999984741211,0.7731134295463562,-0.14806532859802246,0.655549168586731,22.74672503
172,2005,JPN,-99.0,0.0,0.0,0.0,-99,0.0,6.515817165374756,10.551915168762207,0.9277119636535645,72.4000015258789,0.8677792549133301,,0.6989297270774841,65.96241248
173,2007,JPN,-99.0,0.0,0.0,0.0,-99,0.0,6.2381978034973145,10.578493118286133,0.9381480813026428,72.63999938964844,0.7960541248321533,-0.09749975800514221,0.8092333078384399,66.21634556
174,2015,KEN,0.5,0.0,0.0,0.0,2,1.0,4.3576178550720215,8.334213256835938,0.7769230604171753,56.099998474121094,0.7929903268814087,0.20929619669914246,0.8525498509407043,92.33476073
175,2016,KEN,0.0,0.0,0.0,0.0,0,1.0,4.396127700805664,8.353463172912598,0.7059215903282166,56.5,0.7485082745552063,0.2879396378993988,0.8284115791320801,92.20611584
176,2017,KEN,0.0,0.0,0.0,0.0,0,1.0,4.475654125213623,8.369367599487305,0.7146043181419373,56.900001525878906,0.8533943891525269,0.2245628833770752,0.8540003895759583,93.02271192
177,2018,KEN,0.0,-99.0,0.0,0.0,-99,1.0,4.655702590942383,8.403982162475586,0.7067198753356934,57.29999923706055,0.821412980556488,0.281633585691452,0.8442440629005432,93.88385206
178,2019,KEN,0.0,-99.0,0.0,0.0,-99,1.0,4.618850231170654,8.434075355529785,0.6759316325187683,57.70000076293945,0.8177574872970581,0.3004039227962494,0.7943702936172485,94.80391123
179,2020,KEN,0.0,0.0,0.0,0.0,0,1.0,4.546584129333496,8.411246299743652,0.6737176179885864,58.099998474121094,0.7020344734191895,0.2513728141784668,0.8365160226821899,94.80462462
180,2021,KEN,0.0,0.0,0.0,0.0,0,1.0,4.464540958404541,8.464981079101562,0.702200710773468,58.5,0.6781082153320312,0.31298571825027466,0.841331422328949,96.0196227
181,2021,KGZ,0.0,0.0,0.0,0.0,0,1.0,5.563699722290039,8.503861427307129,0.904273271560669,66.8499984741211,0.917870819568634,0.1987321525812149,0.9025155901908875,67.2869723
182,2014,KHM,0.0,0.0,0.0,0.0,0,1.0,3.883305549621582,8.125146865844727,0.6934341788291931,60.36000061035156,0.937544584274292,0.2338712364435196,0.8425551056861877,82.70584119
183,2015,KHM,0.0,0.0,0.0,0.0,0,1.0,4.162164688110352,8.178988456726074,0.7286102771759033,60.70000076293945,0.9563198089599609,0.204405277967453,0.8251302242279053,83.00107208
184,2006,KWT,-99.0,0.0,0.0,0.0,-99,0.0,6.075547218322754,11.232564926147461,0.9189504384994507,68.4000015258789,0.769072413444519,-0.24227043986320496,0.32815811038017273,55.94371605
185,2015,KWT,0.0,0.0,0.0,0.0,0,0.0,6.146031856536865,10.893179893493652,0.8230177760124207,70.19999694824219,0.821662425994873,0.07686393707990646,,56.81487673
186,2016,KWT,0.0,0.0,0.0,0.0,0,0.0,5.947194576263428,10.886990547180176,0.8452220559120178,70.17500305175781,0.8409671783447266,-0.07960723340511322,,56.56257149
187,2017,KWT,0.0,0.0,0.0,0.0,0,0.0,6.093905448913574,10.819924354553223,0.8534913063049316,70.1500015258789,0.8841816186904907,-0.009533899836242199,,56.55137707
188,2019,KWT,0.0,-99.0,0.0,0.0,-99,0.0,6.106119632720947,10.764578819274902,0.8415197730064392,70.0999984741211,0.8672738075256348,-0.1064813956618309,,55.88458269
189,2014,LBN,0.0,0.0,0.5,0.5,1,0.0,5.233025550842285,9.731715202331543,0.7587194442749023,65.63999938964844,0.6572079658508301,-0.01743377558887005,0.9393581748008728,37.20998274
190,2015,LBN,0.0,0.0,0.0,0.0,0,0.0,5.171971321105957,9.716663360595703,0.7417077422142029,65.69999694824219,0.5967497825622559,0.0656641349196434,0.8889532685279846,38.06522056
191,2016,LBN,0.0,0.0,0.0,0.0,0,0.0,5.270723819732666,9.754262924194336,0.8278859257698059,65.7750015258789,0.6573574542999268,0.020841212943196297,0.8531144857406616,38.93156273
192,2017,LBN,0.0,0.0,0.0,0.0,0,0.0,5.153989791870117,9.787406921386719,0.7765830159187317,65.8499984741211,0.6045541763305664,-0.08754776418209076,0.9107272624969482,39.80967714
193,2018,LBN,0.0,0.0,0.0,0.0,0,0.0,5.167186737060547,9.794652938842773,0.8293806314468384,65.92500305175781,0.6070306897163391,-0.08117685467004776,0.9066503047943115,40.69799003
194,2019,LBN,0.0,0.0,0.0,0.0,0,0.0,4.024219512939453,9.751794815063477,0.8659685254096985,66.0,0.44700148701667786,-0.09787476062774658,0.890415608882904,41.59579754
195,2020,LBN,0.0,0.0,0.0,0.0,0,0.0,2.6337525844573975,9.531790733337402,0.546599805355072,66.07499694824219,0.551600992679596,-0.13866832852363586,0.8839768767356873,41.29554656
196,2021,LBN,0.0,0.0,0.0,0.0,0,1.0,2.178809404373169,9.471697807312012,0.5067752599716187,66.1500015258789,0.42269667983055115,-0.16379086673259735,0.9052790999412537,42.29702181
197,2007,LBR,0.0,0.0,0.0,0.0,0,0.0,3.7014012336730957,7.178884983062744,0.593731701374054,51.86000061035156,0.790374219417572,0.11147014796733856,0.7757346630096436,86.49869323
198,2015,LBY,0.0,0.0,0.0,0.0,0,0.0,5.6154046058654785,9.857912063598633,0.8679876923561096,64.30000305175781,0.7745449542999268,-0.08914696425199509,,55.51115987
199,2016,LBY,0.0,0.0,0.0,0.0,0,0.0,5.4335832595825195,9.828466415405273,0.8760658502578735,64.5250015258789,0.8223848342895508,-0.13523024320602417,,55.66863324
200,2017,LBY,0.0,0.0,0.0,0.0,0,0.0,5.646852493286133,10.09464168548584,0.8227587938308716,64.75,0.7786958813667297,-0.06827814131975174,0.6730655431747437,55.85321041
201,2018,LBY,0.0,0.0,0.0,0.0,0,0.0,5.4939775466918945,10.155574798583984,0.8241651654243469,64.9749984741211,0.7805585265159607,-0.14553658664226532,0.6458387970924377,56.06142728
202,2019,LBY,0.0,0.0,0.0,0.0,0,0.0,5.330222129821777,10.022844314575195,0.826719343662262,65.19999694824219,0.7619643211364746,-0.10671277344226837,0.6864129900932312,56.28925647
203,2006,LKA,0.0,0.0,0.0,0.0,0,1.0,4.344610691070557,8.936827659606934,0.8635987043380737,62.279998779296875,0.7238476276397705,0.05514248460531235,0.8377847671508789,46.74430135
204,2007,LKA,0.0,0.0,0.0,0.0,0,1.0,4.4148054122924805,8.992175102233887,0.8383274674415588,62.7599983215332,0.7358528971672058,0.10279116779565811,0.8467183113098145,46.50079848
205,2014,LKA,1.5,1.0,0.0,0.5,2,1.0,4.267932891845703,9.373141288757324,0.8047980070114136,66.12000274658203,0.8679364323616028,0.2913394272327423,0.7906268239021301,46.32127529
206,2006,LTU,-99.0,0.0,0.0,0.0,-99,1.0,5.954442977905273,10.042292594909668,0.9304399490356445,63.5,0.5672546029090881,-0.30066367983818054,0.9668786525726318,82.36913238
207,2007,LTU,-99.0,0.0,0.0,0.0,-99,1.0,5.808284759521484,10.159500122070312,0.9407919645309448,63.70000076293945,0.5896623134613037,-0.2874215245246887,0.9663260579109192,81.36173264
208,2015,MAR,0.0,0.0,0.0,0.0,0,1.0,5.163156986236572,8.947375297546387,0.6059176325798035,63.29999923706055,0.7129334211349487,-0.2385527342557907,0.8418569564819336,34.56933562
209,2016,MAR,0.0,0.0,0.0,0.0,0,1.0,5.386307239532471,8.940129280090332,0.6554093360900879,63.400001525878906,0.8165560960769653,-0.24802309274673462,0.7173561453819275,33.39828359
210,2017,MAR,0.0,0.0,0.0,0.0,0,1.0,5.312482833862305,8.977351188659668,0.6411930918693542,63.5,0.8142580389976501,-0.2270316332578659,0.8405024409294128,32.70809936
211,2018,MAR,0.0,0.0,0.0,0.0,0,1.0,4.896791934967041,8.996167182922363,0.553759753704071,63.599998474121094,0.7731804251670837,-0.24571256339550018,0.8431727290153503,32.00109617
212,2019,MAR,0.0,-99.0,0.0,0.0,-99,1.0,5.056751728057861,9.014033317565918,0.5348040461540222,63.70000076293945,0.756747841835022,-0.2561972141265869,0.7568674087524414,31.26692319
213,2020,MAR,0.0,0.0,0.0,0.0,0,1.0,4.80261754989624,8.92877197265625,0.5525200963020325,63.79999923706055,0.8189952373504639,-0.2381822168827057,0.8027402758598328,30.32420917
214,2021,MAR,0.0,0.0,-99.0,0.0,-99,1.0,5.326248645782471,8.99446964263916,0.5045639276504517,63.900001525878906,0.7618064880371094,-0.2043333500623703,0.8173668384552002,29.68727627
215,2014,MLI,0.0,0.0,0.0,0.0,0,0.0,3.9747142791748047,7.602088451385498,0.8431234359741211,52.65999984741211,0.6515138745307922,-0.03993459418416023,0.6579305529594421,74.31106498
216,2015,MLI,0.0,0.0,0.0,0.0,0,0.0,4.582098484039307,7.630509376525879,0.8301891684532166,53.0,0.6337535381317139,-0.06992188841104507,0.8000467419624329,76.74955172
217,2016,MLI,0.0,0.0,0.0,0.0,0,0.0,4.016027927398682,7.6554789543151855,0.8362545371055603,53.400001525878906,0.6960073709487915,-0.07211828231811523,0.8623266816139221,74.43156961
218,2017,MLI,0.0,0.0,0.0,0.0,0,0.0,4.74185037612915,7.6750102043151855,0.7413594126701355,53.79999923706055,0.7532133460044861,-0.07150659710168839,0.8626551628112793,72.11304814
219,2018,MLI,0.0,-99.0,0.0,0.0,-99,0.0,4.415729522705078,7.689634323120117,0.6918590664863586,54.20000076293945,0.7372045516967773,-0.035878658294677734,0.7930914163589478,68.90502267
220,2019,MLI,0.0,0.0,0.0,0.0,0,0.0,4.987991809844971,7.704833030700684,0.7545580863952637,54.599998474121094,0.6704050898551941,-0.03954875096678734,0.846340000629425,65.79849127
221,2020,MLI,0.0,0.0,0.0,0.0,0,0.0,4.269473552703857,7.660975456237793,0.5679152607917786,55.0,0.645313560962677,-0.06882753223180771,0.8946373462677002,62.54014923
222,2021,MLI,0.0,0.0,0.0,0.0,0,0.0,4.113095760345459,7.659465312957764,0.5733935236930847,55.400001525878906,0.6727892756462097,-0.0036614814307540655,0.901567280292511,62.76263294
223,2014,MMR,0.0,0.0,0.0,0.0,0,0.0,4.786247253417969,8.204833984375,0.7742674350738525,59.119998931884766,0.870296835899353,0.6995704770088196,0.5916329622268677,64.56562646
224,2015,MMR,0.0,0.0,0.0,0.0,0,0.0,4.223846435546875,8.229056358337402,0.7520642876625061,59.599998474121094,0.8079710602760315,0.6915760040283203,0.6333051919937134,64.33925948
225,2016,MMR,0.0,0.0,0.0,0.0,0,0.0,4.623119831085205,8.321070671081543,0.7934619784355164,59.92499923706055,0.8774911761283875,0.6803446412086487,0.6072865724563599,63.22060447
226,2017,MMR,0.0,0.0,0.0,0.0,0,0.0,4.154341697692871,8.369377136230469,0.7951838374137878,60.25,0.8860118389129639,0.6514433026313782,0.6188215017318726,62.10508488
227,2018,MMR,0.0,0.0,0.0,0.0,0,0.0,4.410633087158203,8.424262046813965,0.7738259434700012,60.57500076293945,0.9061108231544495,0.4920826256275177,0.6467258930206299,63.21200261
228,2019,MMR,0.0,-99.0,0.0,0.0,-99,0.0,4.434237480163574,8.482505798339844,0.7629948854446411,60.900001525878906,0.899064302444458,0.560276985168457,0.6817958354949951,61.6613844
229,2020,MMR,0.0,0.0,0.0,0.0,0,0.0,4.431364059448242,8.506555557250977,0.7957632541656494,61.224998474121094,0.8248707056045532,0.46829289197921753,0.6467021107673645,58.87809885
230,2021,MMR,0.0,0.0,0.0,0.0,0,0.0,4.314039707183838,8.302172660827637,0.7795764207839966,61.54999923706055,0.6313943862915039,0.5082874298095703,0.6710634827613831,58.8769233
231,2015,MOZ,0.0,0.0,-99.0,0.0,-99,1.0,4.54976749420166,7.148315906524658,0.6658582091331482,48.599998474121094,0.8132292628288269,0.0832730159163475,0.631573498249054,97.56447886
232,2017,MOZ,0.0,0.0,0.0,0.0,0,1.0,4.279863357543945,7.160251617431641,0.6784636974334717,49.5,0.8226705193519592,-0.035094570368528366,0.6821089386940002,98.08133629
233,2018,MOZ,0.0,-99.0,0.0,0.0,-99,1.0,4.653713703155518,7.164641380310059,0.7384804487228394,49.95000076293945,0.896621584892273,0.04344577342271805,0.6912204027175903,98.40964522
234,2019,MOZ,0.0,-99.0,0.0,0.0,-99,1.0,4.932132720947266,7.158656120300293,0.742303729057312,50.400001525878906,0.8698102235794067,0.06755093485116959,0.6819004416465759,98.75959611
235,2021,MOZ,0.0,0.0,0.0,0.0,0,1.0,5.1784868240356445,7.112137317657471,0.66402268409729,51.29999923706055,0.8381004929542542,0.04241248220205307,0.6274664402008057,99.18641128
236,2014,MRT,0.0,0.0,-99.0,0.0,-99,0.0,4.482805252075195,8.521212577819824,0.8527779579162598,58.599998474121094,0.4683181345462799,-0.05965263769030571,0.5894830822944641,44.99305404
237,2015,MRT,0.0,0.0,-99.0,0.0,-99,0.0,3.922664165496826,8.547121047973633,0.8749459385871887,58.900001525878906,0.4470865726470947,0.04978174716234207,0.7153584361076355,45.18343958
238,2021,MWI,0.0,0.0,0.0,0.0,0,1.0,3.6352832317352295,7.3072919845581055,0.5579143166542053,58.20000076293945,0.757269024848938,-0.013745972886681557,0.7402769923210144,85.87305675
239,2014,MYS,0.0,0.0,0.0,0.0,0,1.0,5.962921619415283,10.057424545288086,0.8630670309066772,65.72000122070312,0.808384358882904,0.23528049886226654,0.8448154330253601,64.45575397
240,2015,MYS,0.0,0.0,0.0,0.0,0,1.0,6.3221211433410645,10.09209156036377,0.8176162838935852,65.80000305175781,0.6745944619178772,0.21835152804851532,0.8378922343254089,64.8673915
241,2018,MYS,0.0,-99.0,0.0,0.0,-99,1.0,5.338817596435547,10.197492599487305,0.7894085645675659,65.7249984741211,0.8745482563972473,0.12332958728075027,0.8941311240196228,66.0697588
242,2019,MYS,0.0,0.0,0.0,0.0,0,1.0,5.427954196929932,10.228262901306152,0.8424988389015198,65.69999694824219,0.9157786965370178,0.11917199194431305,0.7819439172744751,66.09102585
243,2007,NER,0.0,0.0,-99.0,0.0,-99,1.0,4.277402400970459,6.867029666900635,0.7257128357887268,50.58000183105469,0.584067165851593,-0.05976013466715813,0.7475636005401611,76.23285008
244,2015,NER,0.0,0.0,-99.0,0.0,-99,1.0,3.6714537143707275,7.0250139236450195,0.713019609451294,54.099998474121094,0.7281283140182495,-0.03663906827569008,0.7025496959686279,73.27952421
245,2016,NER,0.0,0.0,-99.0,0.0,-99,1.0,4.234645843505859,7.042164325714111,0.6828282475471497,54.45000076293945,0.7019273042678833,-0.02027546986937523,0.8144938945770264,73.28408233
246,2017,NER,0.0,0.0,-99.0,0.0,-99,1.0,4.615673542022705,7.052698135375977,0.5821095705032349,54.79999923706055,0.6835575699806213,-0.03479943051934242,0.7776600122451782,73.32310054
247,2018,NER,0.0,-99.0,-99.0,0.0,-99,1.0,5.164007186889648,7.08444881439209,0.6120256781578064,55.150001525878906,0.7906656265258789,0.004175232257694006,0.6371667981147766,73.3891075
248,2019,NER,0.0,-99.0,-99.0,0.0,-99,1.0,5.003544330596924,7.104510307312012,0.6769587397575378,55.5,0.8313618898391724,0.021141350269317627,0.7288551330566406,73.47527797
249,2006,NGA,0.0,0.0,0.0,0.0,0,0.0,4.70974588394165,8.313640594482422,0.7351785898208618,50.220001220703125,0.6491397619247437,0.08045957237482071,0.8707489967346191,89.22821004
250,2007,NGA,0.0,0.0,0.0,0.0,0,0.0,4.8904194831848145,8.350374221801758,0.7177038192749023,50.540000915527344,0.6350732445716858,0.13204346597194672,0.9183918833732605,89.05273055
251,2015,NGA,0.0,0.0,0.0,0.0,0,1.0,4.932914733886719,8.599528312683105,0.8116476535797119,53.099998474121094,0.6804702877998352,-0.03961460292339325,0.926109254360199,85.66255658
252,2016,NGA,0.0,0.0,0.0,0.0,0,1.0,5.219567775726318,8.558156967163086,0.8047669529914856,53.42499923706055,0.7976905107498169,0.03876296430826187,0.9047068357467651,84.05374376
253,2017,NGA,0.0,0.0,0.0,0.0,0,1.0,5.321928024291992,8.540910720825195,0.7334685325622559,53.75,0.8259055614471436,0.11995671689510345,0.8348919749259949,82.46217438
254,2018,NGA,0.0,-99.0,0.0,0.0,-99,1.0,5.252288341522217,8.534989356994629,0.7408542037010193,54.07500076293945,0.7898810505867004,-0.014598272740840912,0.8656026721000671,80.89083103
255,2019,NGA,0.0,0.0,0.0,0.0,0,1.0,4.266484260559082,8.53235149383545,0.7349951863288879,54.400001525878906,0.7462692856788635,0.018905235454440117,0.873035728931427,79.33599585
256,2020,NGA,0.0,0.0,0.0,0.0,0,1.0,5.50294828414917,8.489839553833008,0.7392894625663757,54.724998474121094,0.713061511516571,0.09366147220134735,0.9127744436264038,79.33666795
257,2021,NGA,0.0,0.0,0.0,0.0,0,1.0,4.4792656898498535,8.501598358154297,0.7415601015090942,55.04999923706055,0.7257328629493713,0.04703086242079735,0.911945104598999,79.14709348
258,2005,NLD,-99.0,0.0,0.0,0.0,-99,1.0,7.463979244232178,10.809069633483887,0.9473579525947571,70.69999694824219,0.9010077714920044,,0.5713422298431396,77.82237762
259,2007,NLD,-99.0,0.0,0.0,0.0,-99,1.0,7.451879501342773,10.876346588134766,0.9438540935516357,70.77999877929688,0.8960180878639221,0.3386073410511017,0.4454365670681,79.82314665
260,2014,NLD,-99.0,0.0,0.0,0.0,-99,1.0,7.321188449859619,10.862588882446289,0.9089957475662231,71.05999755859375,0.910179615020752,0.32557573914527893,0.4569483697414398,82.91987575
261,2015,NLD,-99.0,0.0,0.0,0.0,-99,1.0,7.324437141418457,10.877558708190918,0.8790104389190674,71.0999984741211,0.9039787650108337,0.2557072341442108,0.411822110414505,83.85574126
262,2006,NOR,-99.0,0.0,0.0,0.0,-99,1.0,7.415682315826416,11.055703163146973,0.9585112929344177,69.4000015258789,0.9595327377319336,0.10061836987733841,0.3971501290798187,86.58373993
263,2006,NPL,0.0,0.0,0.0,0.0,0,0.0,4.56659460067749,7.734345436096191,0.8736810684204102,59.65999984741211,0.6892958283424377,,0.8971366286277771,37.10625471
264,2007,NPL,0.0,0.0,0.0,0.0,0,0.0,4.748284339904785,7.76057767868042,0.7867076992988586,59.720001220703125,0.4133208394050598,0.30267515778541565,0.8908112645149231,37.85180447
265,2021,NPL,0.0,0.0,0.0,0.0,0,1.0,4.622300148010254,8.256783485412598,0.6986464262008667,61.849998474121094,0.8175446391105652,0.14366686344146729,0.76994788646698,53.43198933
266,2006,NZL,-99.0,0.0,0.0,0.0,-99,1.0,7.305014133453369,10.541116714477539,0.9460474848747253,69.72000122070312,0.9320802688598633,0.3044181764125824,0.22422023117542267,81.12443421
267,2007,NZL,-99.0,0.0,0.0,0.0,-99,1.0,7.604173183441162,10.561984062194824,0.9665327668190002,69.73999786376953,0.8782188892364502,0.2715924382209778,0.2946162223815918,81.72266406
268,2005,PAK,0.0,0.0,0.0,0.0,0,0.0,5.2246575355529785,8.252208709716797,0.5909457206726074,53.20000076293945,0.6299958825111389,,0.8444361686706543,22.73274503
269,2007,PAK,0.0,0.0,0.0,0.0,0,0.0,5.6714606285095215,8.31432056427002,0.4788873791694641,53.720001220703125,0.3956422209739685,0.0811287984251976,0.7937954068183899,24.35913641
270,2014,PAK,0.0,0.0,0.0,0.0,0,1.0,5.435657978057861,8.390193939208984,0.5516833066940308,55.540000915527344,0.5431385040283203,0.13131920993328094,0.6769275069236755,29.51890918
271,2015,PAK,0.0,0.0,0.0,0.0,0,1.0,4.823194980621338,8.423455238342285,0.5617201328277588,55.79999923706055,0.5865462422370911,0.0756477490067482,0.7166411876678467,30.3779346
272,2016,PAK,0.0,0.0,0.0,0.0,0,1.0,5.548508167266846,8.465209007263184,0.6269212961196899,56.07500076293945,0.6341828107833862,0.08444022387266159,0.7925300598144531,29.2913366
273,2017,PAK,0.0,0.0,0.0,0.0,0,1.0,5.830870628356934,8.495299339294434,0.690263569355011,56.349998474121094,0.71265709400177,0.035092875361442566,0.71392822265625,28.23396369
274,2018,PAK,0.0,-99.0,0.0,0.0,-99,1.0,5.471553802490234,8.539626121520996,0.6850594878196716,56.625,0.7725691199302673,0.05816883593797684,0.798841655254364,27.20588235
275,2019,PAK,0.0,0.0,0.0,0.0,0,1.0,4.442717552185059,8.548215866088867,0.6172957420349121,56.900001525878906,0.6846755743026733,0.11159604787826538,0.775998055934906,29.45474208
276,2020,PAK,0.0,0.0,0.0,0.0,0,1.0,4.623969078063965,8.51806354522705,0.594273567199707,57.17499923706055,0.7673672437667847,0.0027387524023652077,0.8325855731964111,29.7077066
277,2021,PAK,0.0,0.0,0.0,0.0,0,1.0,4.486834526062012,8.562576293945312,0.6083956360816956,57.45000076293945,0.7639920711517334,0.006978682242333889,0.7427191734313965,30.40847388
278,2007,PER,0.0,0.0,0.0,0.0,0,1.0,5.213962078094482,9.053523063659668,0.7563695311546326,66.72000122070312,0.6384965181350708,-0.08243033289909363,0.9306409955024719,81.13668182
279,2014,PER,0.0,0.0,0.0,0.0,0,1.0,5.86581563949585,9.37364387512207,0.8189869523048401,68.54000091552734,0.7223523855209351,-0.1413382589817047,0.8778221607208252,81.5837136
280,2015,PER,0.0,0.0,0.0,0.0,0,1.0,5.577263355255127,9.393926620483398,0.7984183430671692,68.80000305175781,0.8022690415382385,-0.09505245089530945,0.883730411529541,80.26381284
281,2006,PHL,0.0,0.0,0.0,0.0,0,1.0,4.66994571685791,8.561695098876953,0.79531329870224,61.36000061035156,0.8282731175422668,0.058050550520420074,0.8412988185882568,62.92880366
282,2007,PHL,0.0,0.0,0.0,0.0,0,1.0,5.073562145233154,8.606146812438965,0.8007113933563232,61.41999816894531,0.8515664339065552,-0.02683989889919758,0.880245566368103,63.18798475
283,2014,PHL,0.0,0.0,0.0,0.0,0,1.0,5.312550067901611,8.841845512390137,0.8133001923561096,61.84000015258789,0.9021857380867004,-0.02021011710166931,0.7872194647789001,65.01818858
284,2015,PHL,0.0,0.0,0.0,0.0,0,1.0,5.547489166259766,8.886696815490723,0.8535885810852051,61.900001525878906,0.9115335941314697,-0.05598356947302818,0.7551915645599365,65.37958909
285,2016,PHL,0.0,0.0,0.0,0.0,0,1.0,5.430832862854004,8.938013076782227,0.8212987184524536,61.92499923706055,0.9075957536697388,-0.07589162886142731,0.791962206363678,64.01710996
286,2017,PHL,0.0,0.0,0.0,0.0,0,1.0,5.5942702293396,8.98741626739502,0.851028561592102,61.95000076293945,0.9257031083106995,-0.14583222568035126,0.7111655473709106,61.26518357
287,2018,PHL,0.0,-99.0,0.0,0.0,-99,1.0,5.8691725730896,9.031899452209473,0.8458032608032227,61.974998474121094,0.9178081750869751,-0.11219353973865509,0.7264833450317383,62.62456179
288,2019,PHL,0.0,-99.0,0.0,0.0,-99,1.0,6.267745018005371,9.07473373413086,0.8450947403907776,62.0,0.9095985889434814,-0.08667396008968353,0.7484421133995056,64.15240413
289,2020,PHL,0.0,0.0,0.0,0.0,0,1.0,5.079585075378418,8.958444595336914,0.7811403870582581,62.025001525878906,0.9320417046546936,-0.11367593705654144,0.7442836761474609,63.61976868
290,2021,PHL,0.0,0.0,0.0,0.0,0,1.0,5.965057849884033,8.999073028564453,0.7781921029090881,62.04999923706055,0.9052754640579224,-0.011690076440572739,0.7211622595787048,64.05359013
291,2005,POL,-99.0,0.0,0.0,0.0,-99,0.0,5.587209224700928,9.843979835510254,0.921527624130249,66.19999694824219,0.7824731469154358,,0.9829308986663818,75.76069567
292,2007,POL,-99.0,0.0,0.0,0.0,-99,0.0,5.88613748550415,9.972894668579102,0.9126396775245667,66.55999755859375,0.7722233533859253,-0.052745383232831955,0.9252855181694031,74.53134789
293,2006,PRT,-99.0,0.0,0.0,0.0,-99,1.0,5.405246257781982,10.358528137207031,0.905289888381958,68.33999633789062,0.8820680975914001,-0.18441523611545563,0.880059003829956,80.1668519
294,2015,QAT,0.0,0.0,0.0,0.0,0,0.0,6.3745293617248535,11.532453536987305,,66.4000015258789,,,,58.8644543
295,2006,RUS,0.0,0.0,0.0,0.0,0,0.0,4.963742733001709,9.987711906433105,0.8947073817253113,58.7400016784668,0.6433882117271423,-0.31214404106140137,0.9351017475128174,81.58169646
296,2007,RUS,0.0,0.0,0.0,0.0,0,0.0,5.222867488861084,10.071002960205078,0.8846563696861267,59.18000030517578,0.5925697088241577,-0.28935009241104126,0.9334641098976135,81.09739329
297,2006,RWA,0.0,0.0,0.0,0.0,0,0.0,4.214703559875488,7.087327003479004,0.7175833582878113,53.5,0.9154808521270752,,0.2986435294151306,78.79394652
298,2014,RWA,0.0,0.0,0.0,0.0,0,1.0,3.5956783294677734,7.459458827972412,0.7483041882514954,58.29999923706055,0.8940252661705017,-0.02599053457379341,0.07800018042325974,80.86642064
299,2015,RWA,0.0,0.0,0.0,0.0,0,1.0,3.4831089973449707,7.520462512969971,0.6781435608863831,58.900001525878906,0.9078923463821411,0.0216338112950325,0.09460446983575821,81.16118675
300,2016,RWA,0.0,0.0,0.0,0.0,0,1.0,3.3329899311065674,7.554025650024414,0.6651309132575989,59.224998474121094,0.9107363820075989,0.021645979955792427,0.15860138833522797,81.6011823
301,2017,RWA,0.0,0.0,0.0,0.0,0,1.0,3.1083738803863525,7.5678486824035645,0.5165500044822693,59.54999923706055,0.9081148505210876,0.047803401947021484,0.2137572169303894,81.91333253
302,2018,RWA,0.0,-99.0,0.0,0.0,-99,1.0,3.561046600341797,7.625445365905762,0.616172730922699,59.875,0.9242316484451294,0.053258538246154785,0.16380995512008667,80.54836502
303,2019,RWA,0.0,0.0,0.0,0.0,0,1.0,3.2681522369384766,7.691963195800781,0.48945823311805725,60.20000076293945,0.868999183177948,0.06011999025940895,0.16797089576721191,78.94808972
304,2005,SAU,-99.0,0.0,0.0,0.0,-99,0.0,7.079644203186035,10.679086685180664,0.8678194880485535,61.20000076293945,,,0.5051490664482117,23.89443371
305,2007,SAU,-99.0,0.0,0.0,0.0,-99,0.0,7.266694068908691,10.646012306213379,0.8915249109268188,61.599998474121094,0.6220701932907104,0.0016602427931502461,,24.50403285
306,2015,SAU,0.0,0.0,0.0,0.0,0,0.0,6.345491886138916,10.790043830871582,0.8197497129440308,63.20000076293945,0.8202072381973267,-0.050285130739212036,,27.72864309
307,2016,SAU,0.0,0.0,0.0,0.0,0,0.0,6.473921298980713,10.793254852294922,0.8899323344230652,63.400001525878906,0.7742677330970764,-0.13845917582511902,,29.05391887
308,2017,SAU,0.0,0.0,0.0,0.0,0,0.0,6.29428243637085,10.769576072692871,0.8400862812995911,63.599998474121094,0.8141421675682068,-0.13754898309707642,,25.51446598
309,2018,SAU,0.0,0.0,0.0,0.0,0,1.0,6.356393337249756,10.772982597351074,0.8678483963012695,63.79999923706055,0.8549215197563171,-0.19848419725894928,,28.01297132
310,2019,SAU,0.0,-99.0,0.0,0.0,-99,1.0,6.5612473487854,10.758424758911133,0.9117184281349182,64.0,0.8910865783691406,-0.15297648310661316,,30.55272257
311,2021,SAU,0.0,0.0,-99.0,0.0,-99,1.0,6.445294380187988,10.749079704284668,0.8593611121177673,64.4000015258789,0.9024730324745178,-0.10775645822286606,,43.4751434
312,2014,SDN,0.0,0.0,0.0,0.0,0,0.0,4.138672828674316,8.471488952636719,0.8106155395507812,58.65999984741211,0.3900958001613617,-0.0797509253025055,0.793785035610199,40.980333
313,2006,SEN,0.5,0.0,-99.0,0.0,-99,1.0,4.417352676391602,7.929926872253418,0.760252058506012,55.5,0.7357235550880432,-0.05930666998028755,0.8053291440010071,49.41855317
314,2007,SEN,0.0,0.0,-99.0,0.0,-99,1.0,4.679986953735352,7.9314775466918945,0.7184610366821289,55.79999923706055,0.6980052590370178,-0.009352874010801315,0.8266842365264893,50.32397408
315,2014,SEN,0.0,0.0,-99.0,0.0,-99,1.0,4.394777297973633,7.976007461547852,0.855522096157074,57.900001525878906,0.6923531889915466,-0.05150908976793289,0.6996600031852722,58.11782708
316,2015,SEN,0.0,0.0,-99.0,0.0,-99,1.0,4.617000579833984,8.010486602783203,0.7015345096588135,58.20000076293945,0.7195332646369934,-0.11739243566989899,0.7654901742935181,59.47239711
317,2016,SEN,0.0,0.0,-99.0,0.0,-99,1.0,4.594533920288086,8.044955253601074,0.8389943838119507,58.5,0.7437296509742737,-0.09195570647716522,0.794353723526001,62.66415907
318,2014,SOM,0.0,0.0,0.0,0.0,0,0.0,5.52827262878418,6.830417633056641,0.6108355522155762,47.65999984741211,0.8738788366317749,0.020363684743642807,0.4564700126647949,43.21446363
319,2015,SOM,0.0,0.0,0.0,0.0,0,0.0,5.353644847869873,6.9370222091674805,0.5992810726165771,48.099998474121094,0.9678692817687988,0.015748275443911552,0.41023576259613037,43.55925486
320,2016,SOM,0.0,0.0,0.0,0.0,0,0.0,4.667941093444824,6.981190204620361,0.5944165587425232,48.5,0.9173228144645691,0.06898514926433563,0.440801739692688,43.87611843
321,2014,SSD,0.0,0.0,0.0,0.0,0,1.0,3.8319923877716064,,0.5451184511184692,52.880001068115234,0.5672593116760254,,0.7415405511856079,96.79608148
322,2015,SSD,0.0,0.0,0.0,0.0,0,1.0,4.070771217346191,,0.5847813487052917,53.0,0.5116310119628906,,0.7096059322357178,97.28242701
323,2016,SSD,3.0,1.0,0.0,2.0,3,1.0,2.8881123065948486,,0.5321518182754517,53.17499923706055,0.43991902470588684,,0.7853177785873413,97.63251624
324,2017,SSD,3.0,2.0,1.0,1.0,3,1.0,2.816622495651245,,0.556822657585144,53.349998474121094,0.4560110867023468,,0.7612696290016174,97.99560181
325,2006,SVK,-99.0,0.0,0.0,0.0,-99,0.0,5.264676570892334,9.988945960998535,0.9535792469978333,65.62000274658203,0.5424796938896179,-0.05362321436405182,0.9457312822341919,74.29751824
326,2015,SYR,0.0,0.0,0.0,0.0,0,0.0,3.4619128704071045,8.492067337036133,0.46391287446022034,56.29999923706055,0.44827085733413696,0.03588736802339554,0.685236930847168,21.3676571
327,2006,TCD,0.0,0.0,0.0,0.0,0,0.0,3.434800624847412,7.369199752807617,0.72430819272995,47.08000183105469,0.30613189935684204,0.022182749584317207,0.9610737562179565,73.88572628
328,2007,TCD,0.0,0.0,0.0,0.0,0,0.0,4.141326904296875,7.367519378662109,0.4789508581161499,47.459999084472656,0.29461178183555603,-0.017087675631046295,0.8736096024513245,73.39176277
329,2014,TCD,0.0,0.0,-99.0,0.0,-99,0.0,3.4601829051971436,7.529241561889648,0.7330667972564697,50.119998931884766,0.5667953491210938,-0.07473287731409073,0.8809340000152588,69.8322496
330,2015,TCD,0.0,0.0,-99.0,0.0,-99,0.0,4.3226752281188965,7.524701118469238,0.7512522339820862,50.5,0.4743608832359314,-0.03355490043759346,0.8886393904685974,69.31106472
331,2016,TCD,0.0,0.0,-99.0,0.0,-99,0.0,4.029350280761719,7.428617477416992,0.6162048578262329,50.875,0.52522212266922,0.04718984663486481,0.8197888731956482,68.78754817
332,2017,TCD,0.0,0.0,-99.0,0.0,-99,1.0,4.558937072753906,7.365028381347656,0.6606155633926392,51.25,0.6148496866226196,0.003208776004612446,0.7923899292945862,68.26111111
333,2018,TCD,0.0,-49.5,-99.0,0.0,-99,1.0,4.486325263977051,7.354710102081299,0.5772535800933838,51.625,0.6503545641899109,0.01982700824737549,0.7628793120384216,67.73386973
334,2019,TCD,0.0,-49.5,-99.0,0.0,-99,1.0,4.250799179077148,7.353720188140869,0.6404520869255066,52.0,0.5372456908226013,0.050811246037483215,0.8322834968566895,68.05775566
335,2006,THA,0.0,0.0,0.0,0.0,0,0.0,5.885432720184326,9.452481269836426,0.8943266272544861,66.37999725341797,0.86319500207901,0.32644209265708923,0.9347454905509949,80.11641931
336,2007,THA,0.0,0.0,0.0,0.0,0,0.0,5.783891201019287,9.497788429260254,0.888634204864502,66.55999755859375,0.8701592683792114,0.38605788350105286,0.8977527618408203,80.74153891
337,2014,THA,0.0,0.0,0.0,0.0,0,1.0,6.985463619232178,9.649187088012695,0.9331673979759216,67.81999969482422,0.8998463153839111,0.548465371131897,0.9198344349861145,78.19334833
338,2015,THA,0.0,0.0,0.0,0.0,0,1.0,6.201762676239014,9.675292015075684,0.8663245439529419,68.0,0.8849165439605713,0.31193649768829346,0.9136511087417603,78.40352093
339,2016,THA,0.0,0.0,0.0,0.0,0,1.0,6.073639869689941,9.704628944396973,0.9075436592102051,68.07499694824219,0.9241456985473633,0.35174480080604553,0.8779783844947815,78.27766505
340,2017,THA,0.0,0.0,0.0,0.0,0,1.0,5.938895225524902,9.74144172668457,0.8772687315940857,68.1500015258789,0.9228968024253845,0.20847636461257935,0.8838167786598206,77.96007298
341,2018,THA,0.0,-99.0,0.0,0.0,-99,1.0,6.011561870574951,9.779569625854492,0.8730524182319641,68.2249984741211,0.9048282504081726,0.25477397441864014,0.9065960049629211,77.9434051
342,2019,THA,0.0,0.0,0.0,0.0,0,1.0,6.022151470184326,9.797967910766602,0.9030510187149048,68.30000305175781,0.8982446193695068,0.30491188168525696,0.8770397901535034,78.15918421
343,2020,THA,0.0,0.0,0.0,0.0,0,1.0,5.884544372558594,9.733028411865234,0.8667026162147522,68.375,0.8404632806777954,0.2699176073074341,0.9183400273323059,78.47051027
344,2021,THA,0.0,0.0,0.0,0.0,0,1.0,5.638096809387207,9.746085166931152,0.8828219175338745,68.44999694824219,0.8355903029441833,0.29042503237724304,0.9431293606758118,78.74152824
345,2014,TJK,0.0,0.0,0.0,0.0,0,0.0,4.896157741546631,7.95795202255249,0.8098262548446655,61.29999923706055,0.852732241153717,-0.006996950134634972,0.6984307765960693,58.51926411
346,2015,TJK,0.0,0.0,0.0,0.0,0,0.0,5.124210834503174,7.992934703826904,0.8439325094223022,61.400001525878906,0.8465421199798584,0.013454400934278965,0.7416896224021912,60.11116345
347,2021,TJK,0.0,0.0,0.0,0.0,0,0.0,5.2868242263793945,8.271410942077637,0.882888913154602,62.29999923706055,,-0.07129761576652527,0.49892473220825195,62.77015523
348,2016,TUN,0.0,0.5,0.0,0.0,2,0.0,4.521453380584717,9.282791137695312,0.7018221020698547,66.75,0.6144383549690247,-0.17205335199832916,0.8107456564903259,38.83267234
349,2017,TUN,0.0,0.0,0.0,0.0,0,0.0,4.124342918395996,9.294217109680176,0.7173815965652466,66.80000305175781,0.4779566526412964,-0.22598037123680115,0.8688267469406128,38.80175567
350,2018,TUN,0.0,0.0,0.0,0.0,0,1.0,4.7411322593688965,9.309884071350098,0.7329535484313965,66.8499984741211,0.6496800780296326,-0.19850294291973114,0.8401166200637817,38.8543621
351,2019,TUN,0.0,0.0,0.0,0.0,0,1.0,4.315479755401611,9.315942764282227,0.6095892786979675,66.9000015258789,0.659331738948822,-0.2167980819940567,0.8889047503471375,38.82328811
352,2020,TUN,0.0,0.0,0.0,0.0,0,1.0,4.73081111907959,9.214345932006836,0.7190132141113281,66.94999694824219,0.6677581071853638,-0.20621559023857117,0.877354085445404,38.6457233
353,2021,TUN,0.0,0.0,0.0,0.0,0,1.0,4.499485969543457,9.249168395996094,0.7113215327262878,67.0,0.5912299156188965,-0.2057315856218338,0.932745635509491,39.35982577
354,2005,TUR,0.0,0.0,0.0,0.0,0,1.0,4.718733787536621,9.800280570983887,0.8199363946914673,66.0999984741211,0.6231149435043335,,0.8769986033439636,33.00727902
355,2007,TUR,0.0,0.0,0.0,0.0,0,1.0,5.623471736907959,9.891304969787598,0.7922728061676025,66.41999816894531,0.45931151509284973,-0.18321266770362854,0.7997333407402039,33.61941446
356,2014,TUR,0.0,0.0,0.0,0.0,0,1.0,5.579794406890869,10.110523223876953,0.8632882833480835,67.54000091552734,0.6491960883140564,-0.028577392920851707,0.7640135288238525,42.4484449
357,2015,TUR,0.0,0.0,0.0,0.0,0,1.0,5.51446533203125,10.150138854980469,0.8512246012687683,67.69999694824219,0.6531967520713806,-0.020972847938537598,0.8060762286186218,43.88749457
358,2016,TUR,0.0,0.0,0.0,0.0,0,1.0,5.326221942901611,10.165735244750977,0.8799946308135986,67.875,0.644146740436554,-0.06976202130317688,0.7637065649032593,45.04564778
359,2017,TUR,0.0,0.0,0.0,0.0,0,1.0,5.607262134552002,10.22494888305664,0.8764678239822388,68.05000305175781,0.6444342136383057,-0.24218124151229858,0.6709105372428894,46.29306766
360,2018,TUR,0.0,0.0,0.0,0.0,0,1.0,5.185689449310303,10.245586395263672,0.8470273017883301,68.2249984741211,0.5286290645599365,-0.18110045790672302,0.8048785328865051,46.99036364
361,2019,TUR,0.0,0.0,0.0,0.0,0,1.0,4.872073650360107,10.245305061340332,0.7916561961174011,68.4000015258789,0.6310837864875793,-0.1414192169904709,0.7604421973228455,47.67910146
362,2020,TUR,0.0,0.0,0.0,0.0,0,1.0,4.861554145812988,10.256718635559082,0.8567302227020264,68.57499694824219,0.5103858709335327,-0.11945902556180954,0.7744171619415283,45.24691903
363,2021,TUR,0.0,0.0,0.0,0.0,0,1.0,4.366639614105225,10.356680870056152,0.736194908618927,68.75,0.4465276300907135,-0.038769956678152084,0.8101659417152405,46.71276823
364,2020,TZA,0.0,0.0,0.0,0.0,0,1.0,3.785684108734131,7.844439506530762,0.7398170828819275,58.95000076293945,0.83034348487854,0.2927590012550354,0.5206316709518433,89.56810397
365,2021,TZA,0.0,0.0,0.0,0.0,0,1.0,3.680567979812622,7.856840133666992,0.6189844012260437,59.400001525878906,0.8217728137969971,0.11006736755371094,0.5463870763778687,90.15063594
366,2006,UGA,0.0,0.0,0.0,0.0,0,1.0,3.733583927154541,7.370232105255127,0.7602555155754089,48.7400016784668,0.7467228174209595,-0.04606524109840393,0.8065885901451111,85.67228616
367,2007,UGA,0.0,0.0,0.0,0.0,0,1.0,4.455838680267334,7.421669006347656,0.8448790907859802,49.58000183105469,0.7079605460166931,-0.00602757278829813,0.8805288076400757,86.0407741
368,2014,UGA,0.0,0.0,0.0,0.0,0,1.0,3.7699191570281982,7.634238243103027,0.8212057948112488,55.459999084472656,0.834174394607544,0.0025482792407274246,0.8979954123497009,89.42227372
369,2015,UGA,0.0,0.0,0.0,0.0,0,1.0,4.237686634063721,7.653903007507324,0.7466331124305725,56.29999923706055,0.757835328578949,0.1280343234539032,0.8727403879165649,90.1936915
370,2016,UGA,0.0,0.0,0.0,0.0,0,1.0,4.2332611083984375,7.667255401611328,0.7535402178764343,56.775001525878906,0.7394097447395325,0.12450607120990753,0.8110697865486145,90.97118492
371,2017,UGA,0.0,0.0,0.0,0.0,0,1.0,4.000516891479492,7.6631245613098145,0.7399561405181885,57.25,0.7723441123962402,0.05278458446264267,0.8157700300216675,91.75493845
372,2018,UGA,0.0,-99.0,0.0,0.0,-99,1.0,4.321714878082275,7.690243721008301,0.7398410439491272,57.724998474121094,0.7285127639770508,0.07164425402879715,0.8561062216758728,92.33087651
373,2019,UGA,0.0,-99.0,0.0,0.0,-99,1.0,4.948051452636719,7.718692302703857,0.8054873943328857,58.20000076293945,0.7043766379356384,0.13150280714035034,0.8256126046180725,92.9801361
374,2020,UGA,0.0,0.0,0.0,0.0,0,1.0,4.640909671783447,7.714449882507324,0.8004611730575562,58.67499923706055,0.6874821186065674,0.13987460732460022,0.8775872588157654,92.97943062
375,2021,UGA,0.0,0.0,0.0,0.0,0,1.0,4.224533557891846,7.717090606689453,0.79334956407547,59.150001525878906,0.7106211185455322,0.0808529332280159,0.8350117206573486,93.67834417
376,2014,UKR,0.0,0.0,0.0,0.0,0,1.0,4.297329902648926,9.424306869506836,0.8767601847648621,63.47999954223633,0.5332674980163574,0.0783347636461258,0.9267889261245728,80.4156421
377,2015,UKR,0.0,0.0,0.0,0.0,0,1.0,3.964542865753174,9.32510757446289,0.909439742565155,63.79999923706055,0.43059203028678894,-0.03886589780449867,0.9524727463722229,79.50530035
378,2016,UKR,0.0,0.0,0.0,0.0,0,1.0,4.028690338134766,9.353255271911621,0.8849613666534424,63.92499923706055,0.5025418996810913,0.004896226804703474,0.8910751342773438,78.60986055
379,2017,UKR,1.0,0.0,0.0,0.0,1,1.0,4.3110671043396,9.380973815917969,0.8583248853683472,64.05000305175781,0.5988755226135254,-0.007828428409993649,0.9367640018463135,77.72716637
380,2018,UKR,0.0,0.0,0.0,0.0,0,1.0,4.661909103393555,9.4203519821167,0.9009367227554321,64.17500305175781,0.6630550622940063,-0.07999103516340256,0.9429607391357422,76.85696556
381,2019,UKR,0.0,0.0,0.0,0.0,0,1.0,4.7017621994018555,9.457587242126465,0.8827264904975891,64.30000305175781,0.7153117656707764,-0.08662498742341995,0.8850049376487732,75.99858062
382,2020,UKR,0.0,0.0,0.0,0.0,0,1.0,5.2696757316589355,9.426079750061035,0.884686291217804,64.42500305175781,0.7842734456062317,0.12084389477968216,0.9456689953804016,75.890493
383,2021,UKR,0.0,0.0,0.0,0.0,0,1.0,5.311355113983154,9.468798637390137,0.8793085217475891,64.55000305175781,0.7699043154716492,0.16606269776821136,0.9223509430885315,75.98295626
384,2006,USA,-99.0,0.0,0.0,0.0,-99,1.0,7.181793689727783,10.92066764831543,0.9645717740058899,66.77999877929688,0.911496102809906,,0.6003086566925049,81.12372683
385,2007,USA,-99.0,0.0,0.0,0.0,-99,1.0,7.512687683105469,10.931062698364258,,66.76000213623047,0.8719037771224976,0.19113491475582123,0.6330351233482361,81.33800849
386,2014,USA,-99.0,0.0,0.0,0.0,-99,1.0,7.151114463806152,10.956084251403809,0.9020970463752747,66.62000274658203,0.8660768866539001,0.21525606513023376,0.7022674679756165,82.17846388
387,2015,USA,-99.0,0.0,0.0,0.0,-99,1.0,6.863946914672852,10.975425720214844,0.9035710692405701,66.5999984741211,0.8487534523010254,0.21349497139453888,0.6975426077842712,81.92217671
388,2016,USA,-99.0,0.0,0.0,0.0,-99,1.0,6.803599834442139,10.984716415405273,0.8967512845993042,66.4749984741211,0.7578930854797363,0.13801580667495728,0.7389195561408997,81.93335571
389,2017,USA,-99.0,0.0,0.0,0.0,-99,1.0,6.991759300231934,11.000560760498047,0.9210028648376465,66.3499984741211,0.8684967160224915,0.19126375019550323,0.6811912655830383,82.4432167
390,2018,USA,-99.0,-99.0,0.0,0.0,-99,1.0,6.882684707641602,11.024325370788574,0.9038560390472412,66.2249984741211,0.8246066570281982,0.11004624515771866,0.7099282741546631,82.53882453
391,2019,USA,-99.0,0.0,0.0,0.0,-99,1.0,6.943701267242432,11.04245662689209,0.9166911244392395,66.0999984741211,0.8361390233039856,0.13823704421520233,0.7067155241966248,82.9723304
392,2020,USA,-99.0,0.0,0.0,0.0,-99,1.0,7.028088092803955,11.004744529724121,0.9373698234558105,65.9749984741211,0.8504472970962524,0.027697525918483734,0.6781246066093445,82.99064307
393,2021,USA,-99.0,0.0,0.0,0.0,-99,1.0,6.95908784866333,11.060932159423828,0.9200087189674377,65.8499984741211,0.8157348036766052,0.18847183883190155,0.6865915656089783,82.91395075
394,2006,UZB,0.0,0.0,0.0,0.0,0,0.0,5.2323222160339355,8.255722999572754,0.9030669331550598,61.34000015258789,0.7843011617660522,-0.1252565085887909,0.6088082790374756,61.12352551
395,2021,ZAF,0.0,0.0,0.0,0.0,0,1.0,5.598653793334961,9.496415138244629,0.9222387671470642,57.25,0.7035647034645081,-0.1479175090789795,0.8915786147117615,79.47420667
396,2006,ZWE,0.0,0.0,0.0,0.0,0,1.0,3.826268434524536,7.459545135498047,0.8216555118560791,40.400001525878906,0.4311104118824005,-0.06346502155065536,0.9047569036483765,85.84698221
